Chemical Name,SMILES_original,SMILES_canonical,Predicted value,s value,Applicability_raw,train_lower_95,train_upper_95,Applicability,ad_category,ad_score,ad_threshold
1,CC(OC1=C(C)C=C(Cl)C=C1)C(O)=O,Cc1cc(Cl)ccc1OC(C)C(=O)O,78.31652226746098,2.047714636064841,0.8170397827848759,1.6665297816659352,3.7499600497373238,0.8170397827848759,AD In,2.047714636064841,3.7499600497373238
2,CC(C)=CCC/C(/C)=C/CO,CC(C)=CCC/C(C)=C/CO,41.07176472943244,1.8192738956080596,0.9266862365000015,1.6665297816659352,3.7499600497373238,0.9266862365000015,AD In,1.8192738956080596,3.7499600497373238
3,CC(CN1C[C@H](C)O[C@H](C)C1)CC2=CC=C(C=C2)C(C)(C)C,CC(Cc1ccc(C(C)(C)C)cc1)CN1C[C@@H](C)O[C@@H](C)C1,19.16889701130844,2.9860774415224407,0.3666465923632769,1.6665297816659352,3.7499600497373238,0.3666465923632769,AD In,2.9860774415224407,3.7499600497373238
4,COC1=CC=C(/C=C/C)C=C1,C/C=C/c1ccc(OC)cc1,32.893490687042295,1.97393183563747,0.8524538792190565,1.6665297816659352,3.7499600497373238,0.8524538792190565,AD In,1.97393183563747,3.7499600497373238
5,CC(C)=CCC/C(/C)=C\CO,CC(C)=CCC/C(C)=C\CO,41.07176472943244,1.8192738956080596,0.9266862365000015,1.6665297816659352,3.7499600497373238,0.9266862365000015,AD In,1.8192738956080596,3.7499600497373238
6,CCC(C)N(C)C(=O)C1=CC2=C(C=CC=C2)C(=N1)C3=CC=CC=C3Cl,CCC(C)N(C)C(=O)c1cc2ccccc2c(-c2ccccc2Cl)n1,47.35397741351592,2.9305718143526756,0.3932880538128824,1.6665297816659352,3.7499600497373238,0.3932880538128824,AD In,2.9305718143526756,3.7499600497373238
7,BrCC1=CC=CC(OC2=CC=CC=C2)=C1,BrCc1cccc(Oc2ccccc2)c1,64.99339415621287,2.5350072459827624,0.5831502125958992,1.6665297816659352,3.7499600497373238,0.5831502125958992,AD In,2.5350072459827624,3.7499600497373238
8,[O-][N+](=O)C1=CC(=C(Cl)C=C1)[N+]([O-])=O,O=[N+]([O-])c1ccc(Cl)c([N+](=O)[O-])c1,68.52003798359453,2.1195373580206036,0.7825664802431745,1.6665297816659352,3.7499600497373238,0.7825664802431745,AD In,2.1195373580206036,3.7499600497373238
9,CCCCCCCO,CCCCCCCO,30.88352672599074,1.5814060904682221,1.0408574707309552,1.6665297816659352,3.7499600497373238,1.0,AD In,1.5814060904682221,3.7499600497373238
10,CC(CCOC(=O)C(C)=C)OC(=O)C(C)=C,C=C(C)C(=O)OCCC(C)OC(=O)C(=C)C,25.762433779720247,2.7175146343977117,0.4955507420439547,1.6665297816659352,3.7499600497373238,0.4955507420439547,AD In,2.7175146343977117,3.7499600497373238
11,CCCCCCCCCO,CCCCCCCCCO,45.23192691596904,1.6222868441296288,1.0212356219520904,1.6665297816659352,3.7499600497373238,1.0,AD In,1.6222868441296288,3.7499600497373238
12,CC(=CC1=CC=CC=C1)[N+]([O-])=O,CC(=Cc1ccccc1)[N+](=O)[O-],42.05446779283171,2.271629357061412,0.7095657173323052,1.6665297816659352,3.7499600497373238,0.7095657173323052,AD In,2.271629357061412,3.7499600497373238
13,CCCO,CCCO,7.4340791805664335,2.128720129661262,0.778158954931968,1.6665297816659352,3.7499600497373238,0.778158954931968,AD In,2.128720129661262,3.7499600497373238
14,CCCCCCCCCCCCCCO,CCCCCCCCCCCCCCO,26.585680838435135,1.4177609278736303,1.1194034941340216,1.6665297816659352,3.7499600497373238,1.0,AD In,1.4177609278736303,3.7499600497373238
15,CC1=CC=C(C=C1C)[N+]([O-])=O,Cc1ccc([N+](=O)[O-])cc1C,50.6512827202186,1.987676763930106,0.8458566206002884,1.6665297816659352,3.7499600497373238,0.8458566206002884,AD In,1.987676763930106,3.7499600497373238
16,N(NC1=CC=CC=C1)C2=CC=CC=C2,c1ccc(NNc2ccccc2)cc1,83.56393255476952,2.3339139871324215,0.6796704858837068,1.6665297816659352,3.7499600497373238,0.6796704858837068,AD In,2.3339139871324215,3.7499600497373238
17,CC(=O)OCCOC(C)=O,CC(=O)OCCOC(C)=O,10.403672036330912,2.3076851408784846,0.6922597463239982,1.6665297816659352,3.7499600497373238,0.6922597463239982,AD In,2.3076851408784846,3.7499600497373238
18,ClC1=CC=CC(Cl)=C1Cl,Clc1cccc(Cl)c1Cl,25.446244753861436,2.0304672590517754,0.8253181385702275,1.6665297816659352,3.7499600497373238,0.8253181385702275,AD In,2.0304672590517754,3.7499600497373238
19,OC(=O)C1=CC(=CC=C1)C(O)=O,O=C(O)c1cccc(C(=O)O)c1,39.21175864856062,2.191861323940065,0.7478525917930414,1.6665297816659352,3.7499600497373238,0.7478525917930414,AD In,2.191861323940065,3.7499600497373238
20,CC1(C)N(Br)C(=O)N(Br)C1=O,CC1(C)C(=O)N(Br)C(=O)N1Br,30.958640103861256,3.007042635819296,0.35658376731069535,1.6665297816659352,3.7499600497373238,0.35658376731069535,AD In,3.007042635819296,3.7499600497373238
21,CC1=CC(C)=C(C=C1)[N+]([O-])=O,Cc1ccc([N+](=O)[O-])c(C)c1,47.8802151897407,2.102875535303096,0.7905637830436811,1.6665297816659352,3.7499600497373238,0.7905637830436811,AD In,2.102875535303096,3.7499600497373238
22,N=C(NC1=CC=CC=C1)NC2=CC=CC=C2,N=C(Nc1ccccc1)Nc1ccccc1,74.90169486558382,2.6690053889981975,0.5188340964921065,1.6665297816659352,3.7499600497373238,0.5188340964921065,AD In,2.6690053889981975,3.7499600497373238
23,CC(C)NC1=CC=C(NC(C)C)C2=C1C(=O)C3=CC=CC=C3C2=O,CC(C)Nc1ccc(NC(C)C)c2c1C(=O)c1ccccc1C2=O,63.3830494969656,3.1877447779995984,0.2698507746353146,1.6665297816659352,3.7499600497373238,0.2698507746353146,AD In,3.1877447779995984,3.7499600497373238
24,N1C=NC=N1,c1nc[nH]n1,8.973661330930346,2.5709589509560447,0.5658941971082474,1.6665297816659352,3.7499600497373238,0.5658941971082474,AD In,2.5709589509560447,3.7499600497373238
25,CCOCCOCCO,CCOCCOCCO,2.869945239360388,1.892107739471959,0.8917276180235016,1.6665297816659352,3.7499600497373238,0.8917276180235016,AD In,1.892107739471959,3.7499600497373238
26,CC1=CC(N2N=C3C=CC=CC3=N2)=C(O)C=C1,Cc1ccc(O)c(-n2nc3ccccc3n2)c1,73.26905233088655,2.6933100398103513,0.5071684068913442,1.6665297816659352,3.7499600497373238,0.5071684068913442,AD In,2.6933100398103513,3.7499600497373238
27,C(CC1=CC=CC=C1)CC2=CC=CC=N2,c1ccc(CCCc2ccccn2)cc1,53.727674329196006,2.5260973619618055,0.587426757943973,1.6665297816659352,3.7499600497373238,0.587426757943973,AD In,2.5260973619618055,3.7499600497373238
28,CCC(C)C1=C(O)C=CC=C1,CCC(C)c1ccccc1O,74.5995569354241,1.8727991535819346,0.9009953080373835,1.6665297816659352,3.7499600497373238,0.9009953080373835,AD In,1.8727991535819346,3.7499600497373238
29,CCCCCCC(C=O)=CC1=CC=CC=C1,CCCCCCC(C=O)=Cc1ccccc1,70.50882742625396,2.0205249580321754,0.8300902210209655,1.6665297816659352,3.7499600497373238,0.8300902210209655,AD In,2.0205249580321754,3.7499600497373238
30,CCCCOCCOCCOCCO,CCCCOCCOCCOCCO,18.11274068288237,2.0089729990491447,0.8356349033461025,1.6665297816659352,3.7499600497373238,0.8356349033461025,AD In,2.0089729990491447,3.7499600497373238
31,CC(C)(N)CO,CC(C)(N)CO,8.446622406627862,2.306950405638964,0.6926124028303285,1.6665297816659352,3.7499600497373238,0.6926124028303285,AD In,2.306950405638964,3.7499600497373238
32,CCCCCCC(CO)CCCC,CCCCCCC(CO)CCCC,51.46252930051295,1.9799605681143788,0.8495602222681619,1.6665297816659352,3.7499600497373238,0.8495602222681619,AD In,1.9799605681143788,3.7499600497373238
33,CCCCC(CC)COC(=O)C=C,C=CC(=O)OCC(CC)CCCC,24.24063966404509,1.8991951369349613,0.8883258255221558,1.6665297816659352,3.7499600497373238,0.8883258255221558,AD In,1.8991951369349613,3.7499600497373238
34,CCCCC(CC)COC(=O)C1=CC=C(O)C=C1,CCCCC(CC)COC(=O)c1ccc(O)cc1,87.40579898586701,2.012042718443546,0.8341615065919874,1.6665297816659352,3.7499600497373238,0.8341615065919874,AD In,2.012042718443546,3.7499600497373238
35,CCCCC(CC)COC(=O)/C=C/C1=CC=C(OC)C=C1,CCCCC(CC)COC(=O)/C=C/c1ccc(OC)cc1,48.016942973881505,2.4643643673601714,0.6170572166867941,1.6665297816659352,3.7499600497373238,0.6170572166867941,AD In,2.4643643673601714,3.7499600497373238
36,OC1=CC=CC=C1C(=O)C2=CC=CC=C2,O=C(c1ccccc1)c1ccccc1O,95.51426981310219,1.9590017004716764,0.8596200106680414,1.6665297816659352,3.7499600497373238,0.8596200106680414,AD In,1.9590017004716764,3.7499600497373238
37,OC1=C(C=CC=C1)[N+]([O-])=O,O=[N+]([O-])c1ccccc1O,78.10674364738271,1.9810909475659393,0.8490176653758658,1.6665297816659352,3.7499600497373238,0.8490176653758658,AD In,1.9810909475659393,3.7499600497373238
38,CCCCCCC(C)O,CCCCCCC(C)O,27.841726465623058,1.8447606920049673,0.914453143419089,1.6665297816659352,3.7499600497373238,0.914453143419089,AD In,1.8447606920049673,3.7499600497373238
39,CCCCCC(CO)CCC,CCCCCC(CO)CCC,39.52967747586447,1.9202204649038965,0.8782341376499246,1.6665297816659352,3.7499600497373238,0.8782341376499246,AD In,1.9202204649038965,3.7499600497373238
40,CC(C)(Cl)Cl,CC(C)(Cl)Cl,10.26181177311072,2.847127246087089,0.4333395830358069,1.6665297816659352,3.7499600497373238,0.4333395830358069,AD In,2.847127246087089,3.7499600497373238
41,CC(C)C(OC(=O)C(C)C)C(C)(C)COC(=O)C(C)C,CC(C)C(=O)OCC(C)(C)C(OC(=O)C(C)C)C(C)C,27.222847847482136,3.263687229170274,0.23340009407523296,1.6665297816659352,3.7499600497373238,0.23340009407523296,AD In,3.263687229170274,3.7499600497373238
42,NCCOCCOCCN,NCCOCCOCCN,8.605444651900779,2.6039489677465815,0.5500597258057471,1.6665297816659352,3.7499600497373238,0.5500597258057471,AD In,2.6039489677465815,3.7499600497373238
43,CC1(C)CC2=C(O1)C(O)=CC=C2,CC1(C)Cc2cccc(O)c2O1,61.39682916560488,2.5318910107028945,0.5846459359362116,1.6665297816659352,3.7499600497373238,0.5846459359362116,AD In,2.5318910107028945,3.7499600497373238
44,CC1=CC=C(C)C(O)=C1C,Cc1ccc(C)c(O)c1C,76.96920718540262,1.9813163226231267,0.8489094903816549,1.6665297816659352,3.7499600497373238,0.8489094903816549,AD In,1.9813163226231267,3.7499600497373238
45,CCOC(=O)COC1=C(Cl)C=C(Cl)C=C1,CCOC(=O)COc1ccc(Cl)cc1Cl,78.40755459923574,2.189678448366039,0.7489003233190148,1.6665297816659352,3.7499600497373238,0.7489003233190148,AD In,2.189678448366039,3.7499600497373238
46,CCC(C)(C)C1=CC(=C(C=C1)O)C(C)(C)CC,CCC(C)(C)c1ccc(O)c(C(C)(C)CC)c1,68.83037917017678,2.7934713590858835,0.45909321051424135,1.6665297816659352,3.7499600497373238,0.45909321051424135,AD In,2.7934713590858835,3.7499600497373238
47,CC1=CC(C)=C(O)C=C1,Cc1ccc(O)c(C)c1,71.12900836749398,1.6300476288080041,1.0175106186259366,1.6665297816659352,3.7499600497373238,1.0,AD In,1.6300476288080041,3.7499600497373238
48,CC(C)CC(C)(O)C#CC(C)(O)CC(C)C,CC(C)CC(C)(O)C#CC(C)(O)CC(C)C,49.171263301035566,2.938040994265782,0.3897030142617287,1.6665297816659352,3.7499600497373238,0.3897030142617287,AD In,2.938040994265782,3.7499600497373238
49,CC(C)C1=CC2=C(C=C1)C=C(C=C2)C(C)C,CC(C)c1ccc2cc(C(C)C)ccc2c1,34.430964438402476,2.700488935682802,0.503722697196872,1.6665297816659352,3.7499600497373238,0.503722697196872,AD In,2.700488935682802,3.7499600497373238
50,CC1=CC=CC(C)=C1O,Cc1cccc(C)c1O,71.03600707155954,1.7037413227366085,0.9821392913211732,1.6665297816659352,3.7499600497373238,0.9821392913211732,AD In,1.7037413227366085,3.7499600497373238
51,OC(=O)C1=CC=CC(=N1)C(O)=O,O=C(O)c1cccc(C(=O)O)n1,20.546841669130597,2.36301975040762,0.6657003695226053,1.6665297816659352,3.7499600497373238,0.6657003695226053,AD In,2.36301975040762,3.7499600497373238
52,CN(C)CCCN(C)CCCN(C)C,CN(C)CCCN(C)CCCN(C)C,20.858856568795094,3.1533432513567536,0.28636273914406196,1.6665297816659352,3.7499600497373238,0.28636273914406196,AD In,3.1533432513567536,3.7499600497373238
53,CC(C)CC(C)CC(O)CC(C)C,CC(C)CC(C)CC(O)CC(C)C,35.991923750977705,2.4505820043575537,0.6236724431303342,1.6665297816659352,3.7499600497373238,0.6236724431303342,AD In,2.4505820043575537,3.7499600497373238
54,Cl.NCC1(CC2=NOC(=O)N2)CCCCC1,NCC1(Cc2noc(=O)[nH]2)CCCCC1,28.859965435881975,2.788690885245116,0.4613877311968042,1.6665297816659352,3.7499600497373238,0.4613877311968042,AD In,2.788690885245116,3.7499600497373238
55,CSCCC=O,CSCCC=O,20.052665152872578,2.2726373356623037,0.7090819101147856,1.6665297816659352,3.7499600497373238,0.7090819101147856,AD In,2.2726373356623037,3.7499600497373238
56,OC1=CC(=C(C=C1)[N+]([O-])=O)C(F)(F)F,O=[N+]([O-])c1ccc(O)cc1C(F)(F)F,75.42020294242752,2.7632142453696558,0.4736159493742448,1.6665297816659352,3.7499600497373238,0.4736159493742448,AD In,2.7632142453696558,3.7499600497373238
57,CC1(C)N(Cl)C(=O)N(Br)C1=O,CC1(C)C(=O)N(Br)C(=O)N1Cl,30.925173520095957,2.8245643711766975,0.4441692591023247,1.6665297816659352,3.7499600497373238,0.4441692591023247,AD In,2.8245643711766975,3.7499600497373238
58,OCCCBr,OCCCBr,10.13405312255627,2.613482745131956,0.5454837255759916,1.6665297816659352,3.7499600497373238,0.5454837255759916,AD In,2.613482745131956,3.7499600497373238
59,CCCCNC(=O)OCC#CI,CCCCNC(=O)OCC#CI,36.399122695367794,3.0528923390884084,0.3345769336903146,1.6665297816659352,3.7499600497373238,0.3345769336903146,AD In,3.0528923390884084,3.7499600497373238
60,CCCCCC(=O)CC,CCCCCC(=O)CC,9.47983846625985,1.690968262120839,0.9882700751594983,1.6665297816659352,3.7499600497373238,0.9882700751594983,AD In,1.690968262120839,3.7499600497373238
61,OCC1=CC=CC(OC2=CC=CC=C2)=C1,OCc1cccc(Oc2ccccc2)c1,93.1379330532834,2.0694784174448393,0.806593653767011,1.6665297816659352,3.7499600497373238,0.806593653767011,AD In,2.0694784174448393,3.7499600497373238
62,NC1=CC(Cl)=C(Cl)C=C1,Nc1ccc(Cl)c(Cl)c1,80.50959031414651,2.030514526117953,0.8252954514340646,1.6665297816659352,3.7499600497373238,0.8252954514340646,AD In,2.030514526117953,3.7499600497373238
63,[O-][N+](=O)C1=CC=C(Cl)C(Cl)=C1,O=[N+]([O-])c1ccc(Cl)c(Cl)c1,61.515832015210385,2.1925409741499733,0.7475263748707263,1.6665297816659352,3.7499600497373238,0.7475263748707263,AD In,2.1925409741499733,3.7499600497373238
64,CC1=C(C)C=C(O)C=C1,Cc1ccc(O)cc1C,70.20862330564567,1.6044809732578618,1.0297820423169293,1.6665297816659352,3.7499600497373238,1.0,AD In,1.6044809732578618,3.7499600497373238
65,CC(C)CC(C)(O)C#C,C#CC(C)(O)CC(C)C,22.525954195666813,2.2698573553010064,0.7104162386036728,1.6665297816659352,3.7499600497373238,0.7104162386036728,AD In,2.2698573553010064,3.7499600497373238
66,CC1=CC(O)=CC(C)=C1,Cc1cc(C)cc(O)c1,61.19090254819703,2.0738322868101404,0.8045038937054316,1.6665297816659352,3.7499600497373238,0.8045038937054316,AD In,2.0738322868101404,3.7499600497373238
67,CCC(C)(C)C1CCC(O)CC1,CCC(C)(C)C1CCC(O)CC1,29.400313028560557,2.0304746207458586,0.8253146051214743,1.6665297816659352,3.7499600497373238,0.8253146051214743,AD In,2.0304746207458586,3.7499600497373238
68,CC(C)(C1=CC=CC=C1)C2=CC=C(NC3=CC=C(C=C3)C(C)(C)C4=CC=CC=C4)C=C2,CC(C)(c1ccccc1)c1ccc(Nc2ccc(C(C)(C)c3ccccc3)cc2)cc1,48.651098386968464,3.1711303152471206,0.277825345710284,1.6665297816659352,3.7499600497373238,0.277825345710284,AD In,3.1711303152471206,3.7499600497373238
69,CCCCCCOC1=CC=C(O)C=C1,CCCCCCOc1ccc(O)cc1,80.29078151167617,2.0619490183571068,0.8102075971771269,1.6665297816659352,3.7499600497373238,0.8102075971771269,AD In,2.0619490183571068,3.7499600497373238
70,C12CCC(=O)[C@@]1(C)CCC3C2CCC4=CC(=O)CC[C@]34C,C[C@]12CCC(=O)C=C1CCC1C2CC[C@]2(C)C(=O)CCC12,26.794582256778526,2.162447604369011,0.7619705202986504,1.6665297816659352,3.7499600497373238,0.7619705202986504,AD In,2.162447604369011,3.7499600497373238
71,CCCCC1=CC=C(N)C=C1,CCCCc1ccc(N)cc1,47.640865138641054,1.9125491528727445,0.8819161961035792,1.6665297816659352,3.7499600497373238,0.8819161961035792,AD In,1.9125491528727445,3.7499600497373238
72,CCCCC1CCC(O)CC1,CCCCC1CCC(O)CC1,39.09333922339673,2.209437497084753,0.7394164212074245,1.6665297816659352,3.7499600497373238,0.7394164212074245,AD In,2.209437497084753,3.7499600497373238
73,CCCCC1=CC=C(O)C=C1,CCCCc1ccc(O)cc1,79.10716270790722,1.9481686672513174,0.8648196246826669,1.6665297816659352,3.7499600497373238,0.8648196246826669,AD In,1.9481686672513174,3.7499600497373238
74,CC1=C(O)C=CC(Cl)=C1,Cc1cc(Cl)ccc1O,84.38509007672815,1.7683409416344376,0.9511329169357091,1.6665297816659352,3.7499600497373238,0.9511329169357091,AD In,1.7683409416344376,3.7499600497373238
75,CC1=CC(O)=CC(C)=C1Cl,Cc1cc(O)cc(C)c1Cl,83.80584713899646,2.1687513327197006,0.7589448714697483,1.6665297816659352,3.7499600497373238,0.7589448714697483,AD In,2.1687513327197006,3.7499600497373238
76,CCCCCC1=CC=C(Cl)C=C1,CCCCCc1ccc(Cl)cc1,34.53880270665251,2.0586524464316467,0.811789878079915,1.6665297816659352,3.7499600497373238,0.811789878079915,AD In,2.0586524464316467,3.7499600497373238
77,CCCCC(CC)C(O)C#C,C#CC(O)C(CC)CCCC,26.427102188996127,2.0541342088731636,0.8139585312034321,1.6665297816659352,3.7499600497373238,0.8139585312034321,AD In,2.0541342088731636,3.7499600497373238
78,CCC1=CC=C(O)C=C1,CCc1ccc(O)cc1,48.08775460938974,1.6206150371046628,1.0220380519880683,1.6665297816659352,3.7499600497373238,1.0,AD In,1.6206150371046628,3.7499600497373238
79,CCCCCCCC1=CC=C(O)C=C1,CCCCCCCc1ccc(O)cc1,101.38021748758294,1.7186972015547906,0.9749608034939675,1.6665297816659352,3.7499600497373238,0.9749608034939675,AD In,1.7186972015547906,3.7499600497373238
80,CCCCCCC1=CC=C(N)C=C1,CCCCCCc1ccc(N)cc1,79.09234131786562,2.028233262093414,0.8263904072190024,1.6665297816659352,3.7499600497373238,0.8263904072190024,AD In,2.028233262093414,3.7499600497373238
81,CCCCCCC1=C(O)C=C(O)C=C1,CCCCCCc1ccc(O)cc1O,98.4921830723791,2.1920149869883967,0.7477788369615567,1.6665297816659352,3.7499600497373238,0.7477788369615567,AD In,2.1920149869883967,3.7499600497373238
82,CC1=CC(=C(O)C=C1)C(C)(C)C,Cc1ccc(O)c(C(C)(C)C)c1,72.08614439491524,2.2470938651223467,0.7213422055186738,1.6665297816659352,3.7499600497373238,0.7213422055186738,AD In,2.2470938651223467,3.7499600497373238
83,NC1=CC=C(C=C1)[N+]([O-])=O,Nc1ccc([N+](=O)[O-])cc1,77.17818496140423,1.9308890520203295,0.8731134540926541,1.6665297816659352,3.7499600497373238,0.8731134540926541,AD In,1.9308890520203295,3.7499600497373238
84,CCCC1=CC=C(OC)C=C1,CCCc1ccc(OC)cc1,33.05427310455484,1.95938211847117,0.8594374185240549,1.6665297816659352,3.7499600497373238,0.8594374185240549,AD In,1.95938211847117,3.7499600497373238
85,CCCC1=CC=C(O)C=C1,CCCc1ccc(O)cc1,61.05632559154837,1.7897602137191608,0.9408521446857452,1.6665297816659352,3.7499600497373238,0.9408521446857452,AD In,1.7897602137191608,3.7499600497373238
86,CC(C)(C)C1CCC(O)CC1,CC(C)(C)C1CCC(O)CC1,13.387987943284633,2.028318465458531,0.8263495115065694,1.6665297816659352,3.7499600497373238,0.8263495115065694,AD In,2.028318465458531,3.7499600497373238
87,CC1=CC=C(S)C=C1,Cc1ccc(S)cc1,30.336153523687283,2.2692403516370967,0.7107123865829765,1.6665297816659352,3.7499600497373238,0.7107123865829765,AD In,2.2692403516370967,3.7499600497373238
88,N#CC1=CC=C(C=C1)C(N2C=NC=N2)C3=CC=C(C=C3)C#N,N#Cc1ccc(C(c2ccc(C#N)cc2)n2cncn2)cc1,49.71789637077083,2.7670096958214274,0.4717942179201438,1.6665297816659352,3.7499600497373238,0.4717942179201438,AD In,2.7670096958214274,3.7499600497373238
89,CC(C)(C)C1=CC(CC2=CC(=C(O)C(=C2)C(C)(C)C)C(C)(C)C)=CC(=C1O)C(C)(C)C,CC(C)(C)c1cc(Cc2cc(C(C)(C)C)c(O)c(C(C)(C)C)c2)cc(C(C)(C)C)c1O,48.322169977073465,3.6638878319868433,0.04131274229310141,1.6665297816659352,3.7499600497373238,0.04131274229310141,AD In,3.6638878319868433,3.7499600497373238
90,OC1=C(CC=C)C=C(C=C1)S(=O)(=O)C2=CC(CC=C)=C(O)C=C2,C=CCc1cc(S(=O)(=O)c2ccc(O)c(CC=C)c2)ccc1O,94.90761976773113,2.8775979580370747,0.41871432179383006,1.6665297816659352,3.7499600497373238,0.41871432179383006,AD In,2.8775979580370747,3.7499600497373238
91,CCCCCCCCN1SC(Cl)=C(Cl)C1=O,CCCCCCCCn1sc(Cl)c(Cl)c1=O,57.87482367728398,2.707400746235105,0.5004051824913276,1.6665297816659352,3.7499600497373238,0.5004051824913276,AD In,2.707400746235105,3.7499600497373238
92,S=C1NCCN1,S=C1NCCN1,16.886745637572336,2.4458009839750905,0.6259672261407053,1.6665297816659352,3.7499600497373238,0.6259672261407053,AD In,2.4458009839750905,3.7499600497373238
93,OC1=C(C=C(Cl)C=C1)C(=O)NC2=CC=C(C=C2Cl)[N+]([O-])=O,O=C(Nc1ccc([N+](=O)[O-])cc1Cl)c1cc(Cl)ccc1O,100.49875823496686,2.754215900995333,0.47793495371637357,1.6665297816659352,3.7499600497373238,0.47793495371637357,AD In,2.754215900995333,3.7499600497373238
94,CC=C1CC2CC1C=C2,CC=C1CC2C=CC1C2,25.019160405280164,2.6309401614965457,0.5371045555926592,1.6665297816659352,3.7499600497373238,0.5371045555926592,AD In,2.6309401614965457,3.7499600497373238
95,CCCCCCCC1CCC(=O)O1,CCCCCCCC1CCC(=O)O1,34.72661045101625,1.9486158496134636,0.8646049871356373,1.6665297816659352,3.7499600497373238,0.8646049871356373,AD In,1.9486158496134636,3.7499600497373238
96,CC(C)CCC(C)=O,CC(=O)CCC(C)C,14.71230176088908,2.178869790985897,0.7540882374747152,1.6665297816659352,3.7499600497373238,0.7540882374747152,AD In,2.178869790985897,3.7499600497373238
97,CCCC1=CC(=O)NC(=S)N1,CCCc1cc(=O)[nH]c(=S)[nH]1,21.56770725197133,2.452419378470732,0.6227905445895786,1.6665297816659352,3.7499600497373238,0.6227905445895786,AD In,2.452419378470732,3.7499600497373238
98,COP(=O)(NC(C)=O)SC,COP(=O)(NC(C)=O)SC,14.989897600223719,2.6971490266367972,0.5053257789496856,1.6665297816659352,3.7499600497373238,0.5053257789496856,AD In,2.6971490266367972,3.7499600497373238
99,CC(N)=O,CC(N)=O,10.28549465852667,2.3273463342562253,0.6828228125906985,1.6665297816659352,3.7499600497373238,0.6828228125906985,AD In,2.3273463342562253,3.7499600497373238
100,CN(CC1=CN=C(Cl)C=C1)/C(/C)=N/C#N,C/C(=N\C#N)N(C)Cc1ccc(Cl)nc1,29.18256762487709,2.6343402832417935,0.5354725730889226,1.6665297816659352,3.7499600497373238,0.5354725730889226,AD In,2.6343402832417935,3.7499600497373238
101,CC(O)=O,CC(=O)O,12.97457722321458,2.4397450442021538,0.6288739419860803,1.6665297816659352,3.7499600497373238,0.6288739419860803,AD In,2.4397450442021538,3.7499600497373238
102,CCCCOC(=O)CC(CC(=O)OCCCC)(OC(C)=O)C(=O)OCCCC,CCCCOC(=O)CC(CC(=O)OCCCC)(OC(C)=O)C(=O)OCCCC,31.228243334151305,3.0715799318284343,0.3256073065199631,1.6665297816659352,3.7499600497373238,0.3256073065199631,AD In,3.0715799318284343,3.7499600497373238
103,CNC(=O)ON=CC(C)(C)SC,CNC(=O)ON=CC(C)(C)SC,11.370385153376729,2.5010774049931137,0.5994357785251382,1.6665297816659352,3.7499600497373238,0.5994357785251382,AD In,2.5010774049931137,3.7499600497373238
104,CC(C)=CC1C(C(=O)OC2CC(=O)C(CC=C)=C2C)C1(C)C,C=CCC1=C(C)C(OC(=O)C2C(C=C(C)C)C2(C)C)CC1=O,32.667854964150884,3.056092157368558,0.3330410923765029,1.6665297816659352,3.7499600497373238,0.3330410923765029,AD In,3.056092157368558,3.7499600497373238
105,OC[C@H]1O[C@@H]2O[C@@H]3[C@@H](CO)O[C@H](O[C@@H]4[C@@H](CO)O[C@H](O[C@@H]5[C@@H](CO)O[C@H](O[C@@H]6[C@@H](CO)O[C@H](O[C@@H]7[C@@H](CO)O[C@H](O[C@H]1[C@H](O)[C@H]2O)[C@H](O)[C@H]7O)[C@H](O)[C@H]6O)[C@H](O)[C@H]5O)[C@H](O)[C@H]4O)[C@H](O)[C@H]3O,OC[C@H]1O[C@@H]2O[C@H]3[C@H](O)[C@@H](O)[C@@H](O[C@H]4[C@H](O)[C@@H](O)[C@@H](O[C@H]5[C@H](O)[C@@H](O)[C@@H](O[C@H]6[C@H](O)[C@@H](O)[C@@H](O[C@H]7[C@H](O)[C@@H](O)[C@@H](O[C@H]1[C@H](O)[C@H]2O)O[C@@H]7CO)O[C@@H]6CO)O[C@@H]5CO)O[C@@H]4CO)O[C@@H]3CO,12.33222956965783,4.781284827998545,-0.49501286127320615,1.6665297816659352,3.7499600497373238,0.0,AD Out,4.781284827998545,3.7499600497373238
106,CC(=O)OC(C)(C)C1CCC(C)=CC1,CC(=O)OC(C)(C)C1CC=C(C)CC1,15.558621422715293,2.150033435444759,0.7679290441400766,1.6665297816659352,3.7499600497373238,0.7679290441400766,AD In,2.150033435444759,3.7499600497373238
107,NC1=NNC=N1,Nc1nc[nH]n1,12.30588839401997,2.459216055084612,0.6195282916032228,1.6665297816659352,3.7499600497373238,0.6195282916032228,AD In,2.459216055084612,3.7499600497373238
108,ClC1=CC=CC=C1NC2=NC(Cl)=NC(Cl)=N2,Clc1nc(Cl)nc(Nc2ccccc2Cl)n1,58.0136100859637,2.6942609667519184,0.5067119831961815,1.6665297816659352,3.7499600497373238,0.5067119831961815,AD In,2.6942609667519184,3.7499600497373238
109,Cl.NC1=CC=CC=C1,Nc1ccccc1,32.63573477007778,2.159740952940777,0.763269652537302,1.6665297816659352,3.7499600497373238,0.763269652537302,AD In,2.159740952940777,3.7499600497373238
110,OC1=C2C(CC3=CC=CC(O)=C3C2=O)=CC=C1,O=C1c2c(O)cccc2Cc2cccc(O)c21,90.3063650035894,2.5427491474191406,0.5794342728041898,1.6665297816659352,3.7499600497373238,0.5794342728041898,AD In,2.5427491474191406,3.7499600497373238
111,COC(=O)[C@H](CC1=CC=CC=C1)NC(=O)[C@@H](N)CC(O)=O,COC(=O)[C@H](Cc1ccccc1)NC(=O)[C@@H](N)CC(=O)O,18.160303148516924,2.8214647960873074,0.44565698592327524,1.6665297816659352,3.7499600497373238,0.44565698592327524,AD In,2.8214647960873074,3.7499600497373238
112,C1=CC=C(C=C1)N=NC2=CC=CC=C2,c1ccc(N=Nc2ccccc2)cc1,75.76490949216519,2.1953788318714955,0.7461642665414904,1.6665297816659352,3.7499600497373238,0.7461642665414904,AD In,2.1953788318714955,3.7499600497373238
113,NC(=O)N=NC(N)=O,NC(=O)N=NC(N)=O,12.61705001114394,2.704948650170083,0.5015821338405522,1.6665297816659352,3.7499600497373238,0.5015821338405522,AD In,2.704948650170083,3.7499600497373238
114,SC1=CC=CC=C1,Sc1ccccc1,21.771716225905266,2.3317921029053483,0.6806889429252461,1.6665297816659352,3.7499600497373238,0.6806889429252461,AD In,2.3317921029053483,3.7499600497373238
115,BrCC(=O)OCC1=CC=CC=C1,O=C(CBr)OCc1ccccc1,40.918156551416835,2.514396580202228,0.5930428718782342,1.6665297816659352,3.7499600497373238,0.5930428718782342,AD In,2.514396580202228,3.7499600497373238
116,CC(O)(CS(=O)(=O)C1=CC=C(F)C=C1)C(=O)NC2=CC(=C(C=C2)C#N)C(F)(F)F,CC(O)(CS(=O)(=O)c1ccc(F)cc1)C(=O)Nc1ccc(C#N)c(C(F)(F)F)c1,60.40683338686417,2.995982695016518,0.3618922918974176,1.6665297816659352,3.7499600497373238,0.3618922918974176,AD In,2.995982695016518,3.7499600497373238
117,COC1=C(NNC(=O)OC(C)C)C=C(C=C1)C2=CC=CC=C2,COc1ccc(-c2ccccc2)cc1NNC(=O)OC(C)C,62.991097722068425,2.5732415561852777,0.5647985975750094,1.6665297816659352,3.7499600497373238,0.5647985975750094,AD In,2.5732415561852777,3.7499600497373238
118,C1=CC=C(C=C1)C2=CC=CC=C2,c1ccc(-c2ccccc2)cc1,40.81081430537842,2.3752634278468574,0.6598236777864468,1.6665297816659352,3.7499600497373238,0.6598236777864468,AD In,2.3752634278468574,3.7499600497373238
119,CCCCC(CC)COC(=O)CCCCCCCCC(=O)OCC(CC)CCCC,CCCCC(CC)COC(=O)CCCCCCCCC(=O)OCC(CC)CCCC,3.7803147772992944,2.3960292725573753,0.6498565360832879,1.6665297816659352,3.7499600497373238,0.6498565360832879,AD In,2.3960292725573753,3.7499600497373238
120,CCCCC(CC)COC(=O)CCCCCCCC(=O)OCC(CC)CCCC,CCCCC(CC)COC(=O)CCCCCCCC(=O)OCC(CC)CCCC,4.072781236090833,2.3587101877970804,0.6677688633313895,1.6665297816659352,3.7499600497373238,0.6677688633313895,AD In,2.3587101877970804,3.7499600497373238
121,CCCCC(CC)COP(O)(=O)OCC(CC)CCCC,CCCCC(CC)COP(=O)(O)OCC(CC)CCCC,49.131501691690666,2.7267104639709,0.491136949216753,1.6665297816659352,3.7499600497373238,0.491136949216753,AD In,2.7267104639709,3.7499600497373238
122,CCCCC(CC)COC(=O)C1=CC=C(C=C1)C(=O)OCC(CC)CCCC,CCCCC(CC)COC(=O)c1ccc(C(=O)OCC(CC)CCCC)cc1,11.26090352289278,2.437661003351393,0.6298742350521352,1.6665297816659352,3.7499600497373238,0.6298742350521352,AD In,2.437661003351393,3.7499600497373238
123,ClCCOCCCl,ClCCOCCCl,6.374634186729534,2.462640047011714,0.6178848519452823,1.6665297816659352,3.7499600497373238,0.6178848519452823,AD In,2.462640047011714,3.7499600497373238
124,CN(C)C(=S)SSC(=S)N(C)C,CN(C)C(=S)SSC(=S)N(C)C,50.253478591580695,3.1704272508383884,0.2781628009251317,1.6665297816659352,3.7499600497373238,0.2781628009251317,AD In,3.1704272508383884,3.7499600497373238
125,ClC1=CC(Cl)=C(C=C1)C2(CN3C=NC=N3)CC(Br)CO2,Clc1ccc(C2(Cn3cncn3)CC(Br)CO2)c(Cl)c1,52.66890313897458,2.843016362584913,0.4353127153096224,1.6665297816659352,3.7499600497373238,0.4353127153096224,AD In,2.843016362584913,3.7499600497373238
126,OCC(Br)(CO)[N+]([O-])=O,O=[N+]([O-])C(Br)(CO)CO,14.437927885828442,2.862774520067243,0.42582924097159247,1.6665297816659352,3.7499600497373238,0.42582924097159247,AD In,2.862774520067243,3.7499600497373238
127,OC(=O)CCC(O)=O,O=C(O)CCC(=O)O,3.638419421571295,2.291368316380562,0.7000914576838543,1.6665297816659352,3.7499600497373238,0.7000914576838543,AD In,2.291368316380562,3.7499600497373238
128,CCCC(O)=O,CCCC(=O)O,13.253089528246184,1.9310559811537398,0.8730333318365995,1.6665297816659352,3.7499600497373238,0.8730333318365995,AD In,1.9310559811537398,3.7499600497373238
129,CCCCCCOC(=O)CC(CC(=O)OCCCCCC)(OC(=O)CCC)C(=O)OCCCCCC,CCCCCCOC(=O)CC(CC(=O)OCCCCCC)(OC(=O)CCC)C(=O)OCCCCCC,18.98248705068712,3.16229886088867,0.2820642465719029,1.6665297816659352,3.7499600497373238,0.2820642465719029,AD In,3.16229886088867,3.7499600497373238
130,S([O-])(=O)(=O)C1=CC(=C(\N=N\C=2C=3C(C=CC2O)=CC=CC3)C=C1)C.[Na+],Cc1cc(S(=O)(=O)O)ccc1/N=N/c1c(O)ccc2ccccc12,103.72572588128789,2.6342687916351237,0.5355068874635218,1.6665297816659352,3.7499600497373238,0.5355068874635218,AD In,2.6342687916351237,3.7499600497373238
131,[Na+].[Na+].CC1=CC=C(C=C1)S(=O)(=O)OC2=CC=C(C=C2)N=NC3=C(C)C=C(C=C3)C4=CC=C(N=NC5=C(O)C=CC6=CC(=CC(=C56)S([O-])(=O)=O)S([O-])(=O)=O)C(C)=C4,Cc1ccc(S(=O)(=O)Oc2ccc(N=Nc3ccc(-c4ccc(N=Nc5c(O)ccc6cc(S(=O)(=O)O)cc(S(=O)(=O)O)c56)c(C)c4)cc3C)cc2)cc1,84.7688680300416,3.69809751788558,0.02489285705719946,1.6665297816659352,3.7499600497373238,0.02489285705719946,AD In,3.69809751788558,3.7499600497373238
132,S([O-])(=O)(=O)C1=CC=C(N2N=C(C(/N=N/C3=CC=C(S([O-])(=O)=O)C=C3)C2=O)C([O-])=O)C=C1.[Na+].[Na+].[Na+],O=C(O)C1=NN(c2ccc(S(=O)(=O)O)cc2)C(=O)C1/N=N/c1ccc(S(=O)(=O)O)cc1,72.20301031531842,3.3571654100507367,0.18853265487507453,1.6665297816659352,3.7499600497373238,0.18853265487507453,AD In,3.3571654100507367,3.7499600497373238
133,NC1=CC=C(C=C1)C2=CC=C(N)C=C2,Nc1ccc(-c2ccc(N)cc2)cc1,91.22490536513965,2.331929921608272,0.6806227930257098,1.6665297816659352,3.7499600497373238,0.6806227930257098,AD In,2.331929921608272,3.7499600497373238
134,NC1=CC=C(C=C1)N=NC2=CC=CC=C2,Nc1ccc(N=Nc2ccccc2)cc1,98.77342247455412,2.251471362905556,0.7192411043441855,1.6665297816659352,3.7499600497373238,0.7192411043441855,AD In,2.251471362905556,3.7499600497373238
135,OC1=CC=C2C=CC=CC2=C1N=NC3=CC=CC=C3,Oc1ccc2ccccc2c1N=Nc1ccccc1,99.99459330176313,2.497097827528731,0.6013458868332345,1.6665297816659352,3.7499600497373238,0.6013458868332345,AD In,2.497097827528731,3.7499600497373238
136,O=C1C2CC=CCC2C(=O)N1SC(Cl)(Cl)C(Cl)Cl,O=C1C2CC=CCC2C(=O)N1SC(Cl)(Cl)C(Cl)Cl,69.0351510356141,3.097603875244796,0.3131163948656691,1.6665297816659352,3.7499600497373238,0.3131163948656691,AD In,3.097603875244796,3.7499600497373238
137,CNC(=O)OC1=C2C=CC=CC2=CC=C1,CNC(=O)Oc1cccc2ccccc12,51.845590237004465,2.4085478161016787,0.6438479147552069,1.6665297816659352,3.7499600497373238,0.6438479147552069,AD In,2.4085478161016787,3.7499600497373238
138,CNC(=O)OC1=CC=CC2=C1OC(C)(C)C2,CNC(=O)Oc1cccc2c1OC(C)(C)C2,31.221753110521234,2.4983260781684917,0.6007563539563326,1.6665297816659352,3.7499600497373238,0.6007563539563326,AD In,2.4983260781684917,3.7499600497373238
139,CCOC(=O)C(Cl)CC1=C(Cl)C=C(F)C(=C1)N2N=C(C)N(C(F)F)C2=O,CCOC(=O)C(Cl)Cc1cc(-n2nc(C)n(C(F)F)c2=O)c(F)cc1Cl,45.55830287649302,2.870969257792048,0.4218959498745064,1.6665297816659352,3.7499600497373238,0.4218959498745064,AD In,2.870969257792048,3.7499600497373238
140,CC1=C2C(=O)C3=C(C(O)=C(O)C([C@@H]4O[C@H](CO)[C@@H](O)[C@H](O)[C@H]4O)=C3O)C(=O)C2=CC(O)=C1C(O)=O,Cc1c(C(=O)O)c(O)cc2c1C(=O)c1c(O)c([C@@H]3O[C@H](CO)[C@@H](O)[C@H](O)[C@H]3O)c(O)c(O)c1C2=O,63.569643113225766,3.610466457913662,0.06695380880339702,1.6665297816659352,3.7499600497373238,0.06695380880339702,AD In,3.610466457913662,3.7499600497373238
141,CCOC(=O)C(O)(C1=CC=C(Cl)C=C1)C2=CC=C(Cl)C=C2,CCOC(=O)C(O)(c1ccc(Cl)cc1)c1ccc(Cl)cc1,68.41011740792439,2.757565055253093,0.47632743446838827,1.6665297816659352,3.7499600497373238,0.47632743446838827,AD In,2.757565055253093,3.7499600497373238
142,COCCl,COCCl,6.067091997643867,2.2247831724023057,0.7320508397657387,1.6665297816659352,3.7499600497373238,0.7320508397657387,AD In,2.2247831724023057,3.7499600497373238
143,CC(CCC=C(C)C)CC=O,CC(C)=CCCC(C)CC=O,35.617316541847536,1.8182540334878916,0.9271757475413823,1.6665297816659352,3.7499600497373238,0.9271757475413823,AD In,1.8182540334878916,3.7499600497373238
144,CS(O)(=O)=O.CC1=NC=CN1C2=CC=C(SC3=CC=CC(=C3)C4(CCOCC4)C(N)=O)C=C2,Cc1nccn1-c1ccc(Sc2cccc(C3(C(N)=O)CCOCC3)c2)cc1,40.16811211593357,3.0594183237575328,0.3314446067921529,1.6665297816659352,3.7499600497373238,0.3314446067921529,AD In,3.0594183237575328,3.7499600497373238
145,CC1(C)CON(CC2=C(Cl)C=CC=C2)C1=O,CC1(C)CON(Cc2ccccc2Cl)C1=O,41.30114956726578,2.752592602302859,0.47871410083607846,1.6665297816659352,3.7499600497373238,0.47871410083607846,AD In,2.752592602302859,3.7499600497373238
146,CN/C(/NCC1=CN=C(Cl)S1)=N\[N+]([O-])=O,CN/C(=N\[N+](=O)[O-])NCc1cnc(Cl)s1,34.11162398059833,2.8332465632941455,0.44000200078295454,1.6665297816659352,3.7499600497373238,0.44000200078295454,AD In,2.8332465632941455,3.7499600497373238
147,CNCC1=CC=C(NC(=O)C2=CNC3=C2C(=O)CCC3)C=C1,CNCc1ccc(NC(=O)c2c[nH]c3c2C(=O)CCC3)cc1,31.953456591270022,2.7347919283587445,0.4872580267917057,1.6665297816659352,3.7499600497373238,0.4872580267917057,AD In,2.7347919283587445,3.7499600497373238
148,O=C1CCCC1,O=C1CCCC1,9.651565411457895,2.117899075528488,0.7833528192520786,1.6665297816659352,3.7499600497373238,0.7833528192520786,AD In,2.117899075528488,3.7499600497373238
149,CC1(C)C(C=C(Cl)Cl)C1C(=O)OC(C#N)C2=CC=CC(OC3=CC=CC=C3)=C2,CC1(C)C(C=C(Cl)Cl)C1C(=O)OC(C#N)c1cccc(Oc2ccccc2)c1,52.20067588737454,2.6211005091596142,0.5418273689681412,1.6665297816659352,3.7499600497373238,0.5418273689681412,AD In,2.6211005091596142,3.7499600497373238
150,CC1(C)[C@@H]2CC[C@@]1(C)C(=O)C2,CC1(C)[C@@H]2CC[C@@]1(C)C(=O)C2,11.762235438011805,2.352275212990006,0.6708575075282655,1.6665297816659352,3.7499600497373238,0.6708575075282655,AD In,2.352275212990006,3.7499600497373238
151,CN(C)NC(=O)CCC(O)=O,CN(C)NC(=O)CCC(=O)O,11.054491168564615,2.584992283737339,0.5591585107757814,1.6665297816659352,3.7499600497373238,0.5591585107757814,AD In,2.584992283737339,3.7499600497373238
152,CN1CSC(=S)N(C)C1,CN1CSC(=S)N(C)C1,28.341643315118585,2.8333306803184417,0.4399616264898547,1.6665297816659352,3.7499600497373238,0.4399616264898547,AD In,2.8333306803184417,3.7499600497373238
153,CC1(C)[C@@H](C=C(Br)Br)[C@H]1C(=O)O[C@H](C#N)C2=CC=CC(OC3=CC=CC=C3)=C2,CC1(C)[C@H](C(=O)O[C@H](C#N)c2cccc(Oc3ccccc3)c2)[C@@H]1C=C(Br)Br,54.26429304254979,3.225146980919207,0.2518985525269974,1.6665297816659352,3.7499600497373238,0.2518985525269974,AD In,3.225146980919207,3.7499600497373238
154,CCOC(=O)NC1=CC(OC(=O)NC2=CC=CC=C2)=CC=C1,CCOC(=O)Nc1cccc(OC(=O)Nc2ccccc2)c1,57.13431755478598,2.5089430824468133,0.5956604290093702,1.6665297816659352,3.7499600497373238,0.5956604290093702,AD In,2.5089430824468133,3.7499600497373238
155,CCOP(=O)(OCC)OC1=NC(=NC(C)=C1)C(C)C,CCOP(=O)(OCC)Oc1cc(C)nc(C(C)C)n1,50.46938376893376,2.7068804426910686,0.5006549165726694,1.6665297816659352,3.7499600497373238,0.5006549165726694,AD In,2.7068804426910686,3.7499600497373238
156,O1C2=CC=CC=C2C3=C1C=CC=C3,c1ccc2c(c1)oc1ccccc12,50.28118328235134,2.423156081435944,0.6368362736371252,1.6665297816659352,3.7499600497373238,0.6368362736371252,AD In,2.423156081435944,3.7499600497373238
157,ClN1C(=O)NC(=O)N(Cl)C1=O,O=c1[nH]c(=O)n(Cl)c(=O)n1Cl,16.441907077416854,2.6557433498832728,0.5251995790898041,1.6665297816659352,3.7499600497373238,0.5251995790898041,AD In,2.6557433498832728,3.7499600497373238
158,CCCCCCC1(C)CCC(=O)O1,CCCCCCC1(C)CCC(=O)O1,22.33751686019214,2.2486344326561207,0.7206027675075326,1.6665297816659352,3.7499600497373238,0.7206027675075326,AD In,2.2486344326561207,3.7499600497373238
159,CC(C)CC(=O)CC(C)C,CC(C)CC(=O)CC(C)C,13.316175813408636,2.4787883214034965,0.6101340408721905,1.6665297816659352,3.7499600497373238,0.6101340408721905,AD In,2.4787883214034965,3.7499600497373238
160,CC(C)COC(=O)C1=C(C=CC=C1)C(=O)OCC(C)C,CC(C)COC(=O)c1ccccc1C(=O)OCC(C)C,55.7074815146949,2.7494241952162666,0.4802348654784802,1.6665297816659352,3.7499600497373238,0.4802348654784802,AD In,2.7494241952162666,3.7499600497373238
161,COCC(C)N(C(=O)CCl)C1=C(C)SC=C1C,COCC(C)N(C(=O)CCl)c1c(C)csc1C,39.242557629634994,2.7441962812245215,0.48274414744095473,1.6665297816659352,3.7499600497373238,0.48274414744095473,AD In,2.7441962812245215,3.7499600497373238
162,CC1=C(C)S(=O)(=O)CCS1(=O)=O,CC1=C(C)S(=O)(=O)CCS1(=O)=O,26.52893469862151,3.1201925741980263,0.30227432383530994,1.6665297816659352,3.7499600497373238,0.30227432383530994,AD In,3.1201925741980263,3.7499600497373238
163,COC(=O)CCCCC(=O)OC,COC(=O)CCCCC(=O)OC,8.356397861404535,2.4405295423567024,0.6284974003918781,1.6665297816659352,3.7499600497373238,0.6284974003918781,AD In,2.4405295423567024,3.7499600497373238
164,COC(=O)C1CCC(CC1)C(=O)OC,COC(=O)C1CCC(C(=O)OC)CC1,11.753838085381341,2.6606470636782102,0.5228459059815235,1.6665297816659352,3.7499600497373238,0.5228459059815235,AD In,2.6606470636782102,3.7499600497373238
165,CN(C)CCO,CN(C)CCO,10.785363299407418,2.2490903936100524,0.7203839164324958,1.6665297816659352,3.7499600497373238,0.7203839164324958,AD In,2.2490903936100524,3.7499600497373238
166,CC(=O)OC(C)(C)CC1=CC=CC=C1,CC(=O)OC(C)(C)Cc1ccccc1,30.15329091174183,2.452406101952609,0.6227969170217769,1.6665297816659352,3.7499600497373238,0.6227969170217769,AD In,2.452406101952609,3.7499600497373238
167,Cl.CN(C)CCOC(C1=CC=CC=C1)C2=CC=CC=C2,CN(C)CCOC(c1ccccc1)c1ccccc1,43.21115835115361,2.848623466313899,0.43262143074161225,1.6665297816659352,3.7499600497373238,0.43262143074161225,AD In,2.848623466313899,3.7499600497373238
168,O=P(OC1=CC=CC=C1)OC2=CC=CC=C2,O=[PH](Oc1ccccc1)Oc1ccccc1,56.49379586465116,2.4429880387371163,0.6273173770342019,1.6665297816659352,3.7499600497373238,0.6273173770342019,AD In,2.4429880387371163,3.7499600497373238
169,C(C1=CC=CC=C1)C2=CC=CC=C2,c1ccc(Cc2ccccc2)cc1,45.477533703395814,2.4339095435117812,0.6316748519948296,1.6665297816659352,3.7499600497373238,0.6316748519948296,AD In,2.4339095435117812,3.7499600497373238
170,CCOP(=S)(OCC)SCCSCC,CCOP(=S)(OCC)SCCSCC,70.40634396101414,2.644458726234885,0.5306159464246388,1.6665297816659352,3.7499600497373238,0.5306159464246388,AD In,2.644458726234885,3.7499600497373238
171,OCCN(CCO)CCO.CCCCCCCCCCCCOS(O)(=O)=O,CCCCCCCCCCCCOS(=O)(=O)O,88.4069304331528,2.7064865632525974,0.5008439699067345,1.6665297816659352,3.7499600497373238,0.5008439699067345,AD In,2.7064865632525974,3.7499600497373238
172,ClC1=C(Cl)C2(Cl)C3COS(=O)(=O)OCC3C1(Cl)C2(Cl)Cl,O=S1(=O)OCC2C(CO1)C1(Cl)C(Cl)=C(Cl)C2(Cl)C1(Cl)Cl,33.60292133401718,2.6770500131259602,0.5149728565691551,1.6665297816659352,3.7499600497373238,0.5149728565691551,AD In,2.6770500131259602,3.7499600497373238
173,OC1=CC(C[C@H]2COC(=O)[C@@H]2CC3=CC(O)=CC=C3)=CC=C1,O=C1OC[C@H](Cc2cccc(O)c2)[C@H]1Cc1cccc(O)c1,86.09043830742574,2.667159298766085,0.519720178575296,1.6665297816659352,3.7499600497373238,0.519720178575296,AD In,2.667159298766085,3.7499600497373238
174,CCN(CC(C)=C)C1=C(C=C(C=C1[N+]([O-])=O)C(F)(F)F)[N+]([O-])=O,C=C(C)CN(CC)c1c([N+](=O)[O-])cc(C(F)(F)F)cc1[N+](=O)[O-],68.74168242296903,2.6427108270546587,0.5314548989957966,1.6665297816659352,3.7499600497373238,0.5314548989957966,AD In,2.6427108270546587,3.7499600497373238
175,NCCO,NCCO,7.413683433266898,2.2208541184792687,0.7339366979023175,1.6665297816659352,3.7499600497373238,0.7339366979023175,AD In,2.2208541184792687,3.7499600497373238
176,OP(O)(=O)CCCl,O=P(O)(O)CCCl,9.553411930286662,2.7012074848852192,0.5033778096268731,1.6665297816659352,3.7499600497373238,0.5033778096268731,AD In,2.7012074848852192,3.7499600497373238
177,CCOC(=O)C1=C(C)C=CC=C1,CCOC(=O)c1ccccc1C,22.599258290156506,2.023019301581772,0.8288929918226465,1.6665297816659352,3.7499600497373238,0.8288929918226465,AD In,2.023019301581772,3.7499600497373238
178,CCOC(=O)C1=CC=CC=C1,CCOC(=O)c1ccccc1,15.229616002818718,1.971130885703214,0.853798272634656,1.6665297816659352,3.7499600497373238,0.853798272634656,AD In,1.971130885703214,3.7499600497373238
179,CCCCCCC(=O)OCC,CCCCCCC(=O)OCC,13.100688592283861,1.6024700839443937,1.030747224278757,1.6665297816659352,3.7499600497373238,1.0,AD In,1.6024700839443937,3.7499600497373238
180,CCSC(=O)N(CC)C1CCCCC1,CCSC(=O)N(CC)C1CCCCC1,17.039347605322035,2.2567254453645913,0.7167192621018247,1.6665297816659352,3.7499600497373238,0.7167192621018247,AD In,2.2567254453645913,3.7499600497373238
181,CCO[Si](CC)(OCC)OCC,CCO[Si](CC)(OCC)OCC,16.143185841097143,2.498996340609957,0.6004346429532157,1.6665297816659352,3.7499600497373238,0.6004346429532157,AD In,2.498996340609957,3.7499600497373238
182,CCOC1=NC(=NS1)C(Cl)(Cl)Cl,CCOc1nc(C(Cl)(Cl)Cl)ns1,70.84850112828227,2.8758735826431367,0.41954198347291966,1.6665297816659352,3.7499600497373238,0.41954198347291966,AD In,2.8758735826431367,3.7499600497373238
183,CCOP(=O)(NC(C)C)OC1=CC=C(SC)C(C)=C1,CCOP(=O)(NC(C)C)Oc1ccc(SC)c(C)c1,62.398439718541404,2.832228660349235,0.4404905714639655,1.6665297816659352,3.7499600497373238,0.4404905714639655,AD In,2.832228660349235,3.7499600497373238
184,OC(C1=CC=C(Cl)C=C1)(C2=CN=CN=C2)C3=CC=CC=C3Cl,OC(c1ccc(Cl)cc1)(c1cncnc1)c1ccccc1Cl,52.4758939350218,2.6455864087789522,0.5300746839877102,1.6665297816659352,3.7499600497373238,0.5300746839877102,AD In,2.6455864087789522,3.7499600497373238
185,CC1(CCCCC1)C(=O)NC2=C(Cl)C(Cl)=C(O)C=C2,CC1(C(=O)Nc2ccc(O)c(Cl)c2Cl)CCCCC1,88.78745462954362,2.7886581262342056,0.4614034547904433,1.6665297816659352,3.7499600497373238,0.4614034547904433,AD In,2.7886581262342056,3.7499600497373238
186,CC(C)(C)NC(=O)[C@H]1CC[C@H]2[C@@H]3CC[C@H]4NC(=O)C=C[C@]4(C)[C@H]3CC[C@]12C,CC(C)(C)NC(=O)[C@H]1CC[C@H]2[C@@H]3CC[C@H]4NC(=O)C=C[C@]4(C)[C@H]3CC[C@]12C,8.232761839707614,3.0848184733429873,0.31925310224567854,1.6665297816659352,3.7499600497373238,0.31925310224567854,AD In,3.0848184733429873,3.7499600497373238
187,CCCCOC(=O)C(C)OC1=CC=C(OC2=CC=C(C=N2)C(F)(F)F)C=C1,CCCCOC(=O)C(C)Oc1ccc(Oc2ccc(C(F)(F)F)cn2)cc1,44.6574203028575,2.754531790542822,0.4777833337882531,1.6665297816659352,3.7499600497373238,0.4777833337882531,AD In,2.754531790542822,3.7499600497373238
188,FC1(F)OC2=CC=CC(=C2O1)C3=CNC=C3C#N,N#Cc1c[nH]cc1-c1cccc2c1OC(F)(F)O2,57.761329671058746,2.9123997505631616,0.4020102386001542,1.6665297816659352,3.7499600497373238,0.4020102386001542,AD In,2.9123997505631616,3.7499600497373238
189,CC1=NC2=NC(=NN2C=C1)S(=O)(=O)NC3=C(F)C=CC=C3F,Cc1ccn2nc(S(=O)(=O)Nc3c(F)cccc3F)nc2n1,52.25862975853541,3.0375538736129206,0.3419390545688245,1.6665297816659352,3.7499600497373238,0.3419390545688245,AD In,3.0375538736129206,3.7499600497373238
190,C1C2=C(C=CC=C2)C3=C1C=CC=C3,c1ccc2c(c1)Cc1ccccc1-2,38.939198068252786,2.4744586922464777,0.6122121661751442,1.6665297816659352,3.7499600497373238,0.6122121661751442,AD In,2.4744586922464777,3.7499600497373238
191,COC(=O)CSC1=C(Cl)C=C(F)C(=C1)N=C2SC(=O)N3CCCCN23,COC(=O)CSc1cc(N=c2sc(=O)n3n2CCCC3)c(F)cc1Cl,57.3969240726063,2.954357217419658,0.3818715915335854,1.6665297816659352,3.7499600497373238,0.3818715915335854,AD In,2.954357217419658,3.7499600497373238
192,C12[C@H](O)[C@H](OC(C)=O)[C@@]3(C)O[C@](C)(CC(=O)[C@]3(O)[C@@]1(C)[C@@H](O)CCC2(C)C)C=C,C=C[C@@]1(C)CC(=O)[C@@]2(O)[C@](C)(O1)[C@@H](OC(C)=O)[C@@H](O)C1C(C)(C)CC[C@H](O)[C@@]12C,11.675507778409818,3.4294745030920124,0.1538259050743185,1.6665297816659352,3.7499600497373238,0.1538259050743185,AD In,3.4294745030920124,3.7499600497373238
193,CCOP(=O)(SC(C)CC)N1CCSC1=O,CCOP(=O)(SC(C)CC)N1CCSC1=O,48.60694851152927,2.964585282496682,0.3769623487171738,1.6665297816659352,3.7499600497373238,0.3769623487171738,AD In,2.964585282496682,3.7499600497373238
194,[Na+].N1(C(=NC2=C1N=CC=C2)CCCC)CC3=CC=C(C=C3)C=4C(=CC=CC4)C=5[N-]N=NN5,CCCCc1nc2cccnc2n1Cc1ccc(-c2ccccc2-c2nnn[nH]2)cc1,58.771461597246855,3.276461039924915,0.22726895018700197,1.6665297816659352,3.7499600497373238,0.22726895018700197,AD In,3.276461039924915,3.7499600497373238
195,OC[C@H]1O[C@@H]2O[C@@H]3[C@@H](CO)O[C@H](O[C@@H]4[C@@H](CO)O[C@H](O[C@@H]5[C@@H](CO)O[C@H](O[C@@H]6[C@@H](CO)O[C@H](O[C@@H]7[C@@H](CO)O[C@H](O[C@@H]8[C@@H](CO)O[C@H](O[C@@H]9[C@@H](CO)O[C@H](O[C@H]1[C@H](O)[C@H]2O)[C@H](O)[C@H]9O)[C@H](O)[C@H]8O)[C@H](O)[C@H]7O)[C@H](O)[C@H]6O)[C@H](O)[C@H]5O)[C@H](O)[C@H]4O)[C@H](O)[C@H]3O,OC[C@H]1O[C@@H]2O[C@H]3[C@H](O)[C@@H](O)[C@@H](O[C@H]4[C@H](O)[C@@H](O)[C@@H](O[C@H]5[C@H](O)[C@@H](O)[C@@H](O[C@H]6[C@H](O)[C@@H](O)[C@@H](O[C@H]7[C@H](O)[C@@H](O)[C@@H](O[C@H]8[C@H](O)[C@@H](O)[C@@H](O[C@H]9[C@H](O)[C@@H](O)[C@@H](O[C@H]1[C@H](O)[C@H]2O)O[C@@H]9CO)O[C@@H]8CO)O[C@@H]7CO)O[C@@H]6CO)O[C@@H]5CO)O[C@@H]4CO)O[C@@H]3CO,12.34161614467261,5.133281449567722,-0.6639633785828242,1.6665297816659352,3.7499600497373238,0.0,AD Out,5.133281449567722,3.7499600497373238
196,CCCCCCC1CCC(=O)O1,CCCCCCC1CCC(=O)O1,30.139527427942802,1.934787470182591,0.8712423004370675,1.6665297816659352,3.7499600497373238,0.8712423004370675,AD In,1.934787470182591,3.7499600497373238
197,CC(C)C1=CCC(C)=CC1,CC1=CCC(C(C)C)=CC1,19.238492260653967,2.0580023995492573,0.8121018860661439,1.6665297816659352,3.7499600497373238,0.8121018860661439,AD In,2.0580023995492573,3.7499600497373238
198,CC1=CC(OCCCC(C)(C)C(O)=O)=C(C)C=C1,Cc1ccc(C)c(OCCCC(C)(C)C(=O)O)c1,67.49127111211489,2.666457944842028,0.5200568127956993,1.6665297816659352,3.7499600497373238,0.5200568127956993,AD In,2.666457944842028,3.7499600497373238
199,[Cl-].CN(C)C1=CC=C(C=C1)C(C2=CC=C(C=C2)N(C)C)=C3C=CC(C=C3)=[N+](C)C,CN(C)c1ccc(C(=C2C=CC(=[N+](C)C)C=C2)c2ccc(N(C)C)cc2)cc1,52.498868813687125,3.355895847272462,0.18914201665585065,1.6665297816659352,3.7499600497373238,0.18914201665585065,AD In,3.355895847272462,3.7499600497373238
200,OC(CO)CO,OCC(O)CO,4.667723562253703,2.1631040823306344,0.7616554255380127,1.6665297816659352,3.7499600497373238,0.7616554255380127,AD In,2.1631040823306344,3.7499600497373238
201,OCC(O)=O,O=C(O)CO,12.286095899536136,2.2904193356888007,0.7005469472225754,1.6665297816659352,3.7499600497373238,0.7005469472225754,AD In,2.2904193356888007,3.7499600497373238
202,ClC1C=CC2C1C3(Cl)C(Cl)=C(Cl)C2(Cl)C3(Cl)Cl,ClC1=C(Cl)C2(Cl)C3C(Cl)C=CC3C1(Cl)C2(Cl)Cl,31.822695239582906,2.737810648824213,0.4858091083845334,1.6665297816659352,3.7499600497373238,0.4858091083845334,AD In,2.737810648824213,3.7499600497373238
203,C[Si](C)(C)O[Si](C)(C)C,C[Si](C)(C)O[Si](C)(C)C,11.486749408338015,3.092191755027681,0.31571409170249437,1.6665297816659352,3.7499600497373238,0.31571409170249437,AD In,3.092191755027681,3.7499600497373238
204,C1CCCNCC1,C1CCCNCC1,7.449372038376937,2.5531242832617105,0.574454439304807,1.6665297816659352,3.7499600497373238,0.574454439304807,AD In,2.5531242832617105,3.7499600497373238
205,CC(C)C1(C)N=C(NC1=O)C2=NC=CC=C2C(O)=O,CC(C)C1(C)N=C(c2ncccc2C(=O)O)NC1=O,9.05105816079764,2.2754341290251845,0.7077395117606187,1.6665297816659352,3.7499600497373238,0.7077395117606187,AD In,2.2754341290251845,3.7499600497373238
206,[O-][N+](=O)/N=C/1\NCCN1CC2=CN=C(Cl)C=C2,O=[N+]([O-])/N=C1\NCCN1Cc1ccc(Cl)nc1,13.934379959009357,2.8100457946195596,0.45113785161037995,1.6665297816659352,3.7499600497373238,0.45113785161037995,AD In,2.8100457946195596,3.7499600497373238
207,CC(C)CCO,CC(C)CCO,10.568671551854878,1.9804800217597311,0.849310896119208,1.6665297816659352,3.7499600497373238,0.849310896119208,AD In,1.9804800217597311,3.7499600497373238
208,CCCC(=O)OCCC(C)C,CCCC(=O)OCCC(C)C,3.2633537973916056,1.8974426008414955,0.8891670037081135,1.6665297816659352,3.7499600497373238,0.8891670037081135,AD In,1.8974426008414955,3.7499600497373238
209,CC(C)C(=O)C1=CC=CC=C1,CC(C)C(=O)c1ccccc1,25.484936521084627,2.155581353110513,0.7652661675606316,1.6665297816659352,3.7499600497373238,0.7652661675606316,AD In,2.155581353110513,3.7499600497373238
210,ClC12C(=O)C3(Cl)C4(Cl)C1(Cl)C5(Cl)C2(Cl)C3(Cl)C4(Cl)C5(Cl)Cl,O=C1C2(Cl)C3(Cl)C4(Cl)C(Cl)(Cl)C5(Cl)C3(Cl)C1(Cl)C5(Cl)C24Cl,23.71105616394473,4.014959627952349,-0.1271938793806297,1.6665297816659352,3.7499600497373238,0.0,AD Out,4.014959627952349,3.7499600497373238
211,CC(O)C(O)=O,CC(O)C(=O)O,8.49421727635548,2.3109688971731637,0.6906836166377771,1.6665297816659352,3.7499600497373238,0.6906836166377771,AD In,2.3109688971731637,3.7499600497373238
212,[Cl-].[Cl-].[Hg+2],[Hg+2],9.930355655502954,4.8599593228094795,-0.5327748617666342,1.6665297816659352,3.7499600497373238,0.0,AD Out,4.8599593228094795,3.7499600497373238
213,COC1=CC2=C(C=C1)[C@H]3CC[C@@]4(C)[C@@H](CC[C@@]4(O)C#C)[C@@H]3CC2,C#C[C@]1(O)CC[C@H]2[C@@H]3CCc4cc(OC)ccc4[C@H]3CC[C@@]21C,48.63866008343909,2.2356480593157917,0.726835936689792,1.6665297816659352,3.7499600497373238,0.726835936689792,AD In,2.2356480593157917,3.7499600497373238
214,COC(N)=O,COC(N)=O,9.376784366010543,2.1284061064249067,0.7783096790724242,1.6665297816659352,3.7499600497373238,0.7783096790724242,AD In,2.1284061064249067,3.7499600497373238
215,CN=C=S,CN=C=S,24.184384347158964,2.395329702157656,0.6501923142518402,1.6665297816659352,3.7499600497373238,0.6501923142518402,AD In,2.395329702157656,3.7499600497373238
216,COS(C)(=O)=O,COS(C)(=O)=O,9.42426564445024,2.5644761131155125,0.5690058144922712,1.6665297816659352,3.7499600497373238,0.5690058144922712,AD In,2.5644761131155125,3.7499600497373238
217,CCC1=C(N(C(C)COC)C(=O)CCl)C(C)=CC=C1,CCc1cccc(C)c1N(C(=O)CCl)C(C)COC,33.593476333597245,2.4038980039742377,0.6460797207334051,1.6665297816659352,3.7499600497373238,0.6460797207334051,AD In,2.4038980039742377,3.7499600497373238
218,C12CC[C@@](O)(C#CC)[C@@]1(C)C[C@H](C3=CC=C(C=C3)N(C)C)C4=C5CCC(=O)C=C5CCC24,CC#C[C@]1(O)CCC2C3CCC4=CC(=O)CCC4=C3[C@@H](c3ccc(N(C)C)cc3)C[C@@]21C,21.799182072552885,3.0394414061130064,0.34103308112252667,1.6665297816659352,3.7499600497373238,0.34103308112252667,AD In,3.0394414061130064,3.7499600497373238
219,F[C@@H](CO[C@H]1CC[C@@H](CC1)NC2=C3C=NN=C3N=CN2)C4=CC=CC=C4F,Fc1ccccc1[C@@H](F)CO[C@H]1CC[C@H](Nc2[nH]cnc3nncc2-3)CC1,22.249179132152296,2.9378686609956874,0.38978573038270276,1.6665297816659352,3.7499600497373238,0.38978573038270276,AD In,2.9378686609956874,3.7499600497373238
220,CCCCOC(=O)C1=C(C=CC=C1)C(O)=O,CCCCOC(=O)c1ccccc1C(=O)O,68.84221902173087,2.3131361595066235,0.6896433791185891,1.6665297816659352,3.7499600497373238,0.6896433791185891,AD In,2.3131361595066235,3.7499600497373238
221,CC(C)=CCCC(=C)C=C,C=CC(=C)CCC=C(C)C,22.41027047463741,2.1766140205819773,0.7551709568910976,1.6665297816659352,3.7499600497373238,0.7551709568910976,AD In,2.1766140205819773,3.7499600497373238
222,C(NC1=C2N=CN=C2N=CN1)C3=CC=CC=C3,c1ccc(CNc2[nH]cnc3ncnc2-3)cc1,35.19673883266864,2.6633658574325,0.5215409456975365,1.6665297816659352,3.7499600497373238,0.5215409456975365,AD In,2.6633658574325,3.7499600497373238
223,CCCCCCCCN(C)CCCCCCCC,CCCCCCCCN(C)CCCCCCCC,8.349905923860614,2.3364041511159988,0.678475262783736,1.6665297816659352,3.7499600497373238,0.678475262783736,AD In,2.3364041511159988,3.7499600497373238
224,CNC(=S)NN,CNC(=S)NN,24.97707479222137,2.453827942135078,0.6221144654877568,1.6665297816659352,3.7499600497373238,0.6221144654877568,AD In,2.453827942135078,3.7499600497373238
225,CN1C(=O)C2=C(C=CC=C2)C1=O,CN1C(=O)c2ccccc2C1=O,28.29472769686978,2.4788511365335317,0.6101038910126065,1.6665297816659352,3.7499600497373238,0.6101038910126065,AD In,2.4788511365335317,3.7499600497373238
226,CC(C)N(C(C)C)C1=CC=CC=C1,CC(C)N(c1ccccc1)C(C)C,25.943330435626848,2.686066284253127,0.5106452477860144,1.6665297816659352,3.7499600497373238,0.5106452477860144,AD In,2.686066284253127,3.7499600497373238
227,CN(C)C(=O)CC(C)=O,CC(=O)CC(=O)N(C)C,3.132599563266137,2.455426334841865,0.621347272684963,1.6665297816659352,3.7499600497373238,0.621347272684963,AD In,2.455426334841865,3.7499600497373238
228,CCCCCCCCCCCCN(C)C,CCCCCCCCCCCCN(C)C,16.32138103838543,2.3183266288592392,0.6871520697466558,1.6665297816659352,3.7499600497373238,0.6871520697466558,AD In,2.3183266288592392,3.7499600497373238
229,CCCCCCCCN(C)C,CCCCCCCCN(C)C,15.792353557481084,2.3211753977570204,0.6857847242964918,1.6665297816659352,3.7499600497373238,0.6857847242964918,AD In,2.3211753977570204,3.7499600497373238
230,CNC(=S)NC,CNC(=S)NC,20.6786059309597,2.417061612898133,0.6397614824291874,1.6665297816659352,3.7499600497373238,0.6397614824291874,AD In,2.417061612898133,3.7499600497373238
231,COP(=O)(OC)OC(Br)C(Cl)(Cl)Br,COP(=O)(OC)OC(Br)C(Cl)(Cl)Br,44.77142064611397,3.3574835348725665,0.18837996206519025,1.6665297816659352,3.7499600497373238,0.18837996206519025,AD In,3.3574835348725665,3.7499600497373238
232,CC[N+]([O-])=O,CC[N+](=O)[O-],9.09557826147468,2.382963530265916,0.656127800589565,1.6665297816659352,3.7499600497373238,0.656127800589565,AD In,2.382963530265916,3.7499600497373238
233,CCCCCCCCC=O,CCCCCCCCC=O,44.88946591891446,1.5795352124756836,1.0417554503855708,1.6665297816659352,3.7499600497373238,1.0,AD In,1.5795352124756836,3.7499600497373238
234,FC(OC(F)(F)F)C(F)(F)OC1=C(Cl)C=C(NC(=O)NC(=O)C2=C(F)C=CC=C2F)C=C1,O=C(NC(=O)c1c(F)cccc1F)Nc1ccc(OC(F)(F)C(F)OC(F)(F)F)c(Cl)c1,35.70942234512753,3.0305089777796823,0.34532044723706085,1.6665297816659352,3.7499600497373238,0.34532044723706085,AD In,3.0305089777796823,3.7499600497373238
235,CCOC1=C(O)C=CC=C1,CCOc1ccccc1O,31.44060404669558,2.0500508416280745,0.815918456288359,1.6665297816659352,3.7499600497373238,0.815918456288359,AD In,2.0500508416280745,3.7499600497373238
236,[Na+].CCCCCCCCCCCCCCCCCCOS([O-])(=O)=O,CCCCCCCCCCCCCCCCCCOS(=O)(=O)O,76.33093734115243,2.3512222382725216,0.6713629118768637,1.6665297816659352,3.7499600497373238,0.6713629118768637,AD In,2.3512222382725216,3.7499600497373238
237,CCCCCCCCO[C@@H]1O[C@H](CO)[C@@H](O)[C@H](O)[C@H]1O,CCCCCCCCO[C@@H]1O[C@H](CO)[C@@H](O)[C@H](O)[C@H]1O,42.73400365902662,2.5965877553063015,0.5535929433811518,1.6665297816659352,3.7499600497373238,0.5535929433811518,AD In,2.5965877553063015,3.7499600497373238
238,CCCCCCCCOC(=O)C1=CC(O)=C(O)C(O)=C1,CCCCCCCCOC(=O)c1cc(O)c(O)c(O)c1,98.24881524004437,2.4752065229179463,0.6118532241539356,1.6665297816659352,3.7499600497373238,0.6118532241539356,AD In,2.4752065229179463,3.7499600497373238
239,CCCCCCCC/C=C\CCCCCCCC(=O)N(C)CC(O)=O,CCCCCCCC/C=C\CCCCCCCC(=O)N(C)CC(=O)O,61.70741482151017,2.2804875833035747,0.7053139665643937,1.6665297816659352,3.7499600497373238,0.7053139665643937,AD In,2.2804875833035747,3.7499600497373238
240,CCCN(CCC)C1=C(C=C(C=C1[N+]([O-])=O)S(N)(=O)=O)[N+]([O-])=O,CCCN(CCC)c1c([N+](=O)[O-])cc(S(N)(=O)=O)cc1[N+](=O)[O-],65.76753870203021,2.9874829321315453,0.3659719882593413,1.6665297816659352,3.7499600497373238,0.3659719882593413,AD In,2.9874829321315453,3.7499600497373238
241,BrC1=CC=C(OC2=CC=CC=C2)C=C1,Brc1ccc(Oc2ccccc2)cc1,54.210338003833506,2.525575645266378,0.587677170306423,1.6665297816659352,3.7499600497373238,0.587677170306423,AD In,2.525575645266378,3.7499600497373238
242,CC(C)C1=CC=C(C)C=C1,Cc1ccc(C(C)C)cc1,11.690380980522203,2.0979373187528036,0.7929340167039917,1.6665297816659352,3.7499600497373238,0.7929340167039917,AD In,2.0979373187528036,3.7499600497373238
243,ClC1=NC(Cl)=C(Cl)C(Cl)=C1Cl,Clc1nc(Cl)c(Cl)c(Cl)c1Cl,64.76603022261085,2.6483735840472518,0.5287369021041439,1.6665297816659352,3.7499600497373238,0.5287369021041439,AD In,2.6483735840472518,3.7499600497373238
244,OCC(CO)(CO)CO,OCC(CO)(CO)CO,7.515174939949482,2.658275828391982,0.5239840459627687,1.6665297816659352,3.7499600497373238,0.5239840459627687,AD In,2.658275828391982,3.7499600497373238
245,OCC(CO)(CBr)CBr,OCC(CO)(CBr)CBr,18.048907136198462,3.06356445744254,0.329454555217811,1.6665297816659352,3.7499600497373238,0.329454555217811,AD In,3.06356445744254,3.7499600497373238
246,O=C(N[C@@H]1C2CCN(C1)CC2)C3=CC=4OCCOC4C=C3.OC(=O)C=CC(O)=O,O=C(N[C@H]1CN2CCC1CC2)c1ccc2c(c1)OCCO2,15.733421849700095,3.1983513548274027,0.2647598546317271,1.6665297816659352,3.7499600497373238,0.2647598546317271,AD In,3.1983513548274027,3.7499600497373238
247,FC1=CC(Br)=C(C=C1)C(=O)NS(=O)(=O)/C=C/C2=CC=CS2,O=C(NS(=O)(=O)/C=C/c1cccs1)c1ccc(F)cc1Br,67.24105339975763,2.9510517737107946,0.3834581306942761,1.6665297816659352,3.7499600497373238,0.3834581306942761,AD In,2.9510517737107946,3.7499600497373238
248,CC(C)=CC1C(C(=O)OCC2=CC=CC(OC3=CC=CC=C3)=C2)C1(C)C,CC(C)=CC1C(C(=O)OCc2cccc(Oc3ccccc3)c2)C1(C)C,37.52213966720217,2.9249997826872494,0.3959625045736387,1.6665297816659352,3.7499600497373238,0.3959625045736387,AD In,2.9249997826872494,3.7499600497373238
249,O=C(OC1=CC=CC=C1)C2=CC=CC=C2,O=C(Oc1ccccc1)c1ccccc1,75.9124267097787,1.9715334649383887,0.8536050435924633,1.6665297816659352,3.7499600497373238,0.8536050435924633,AD In,1.9715334649383887,3.7499600497373238
250,C1CNCCN1,C1CNCCN1,2.917284217915035,2.699850070501796,0.5040293382161547,1.6665297816659352,3.7499600497373238,0.5040293382161547,AD In,2.699850070501796,3.7499600497373238
251,CCCCOCCOCCOCC1=CC2=C(OCO2)C=C1CCC,CCCCOCCOCCOCc1cc2c(cc1CCC)OCO2,34.30485782092682,2.880918772089422,0.4171204052115288,1.6665297816659352,3.7499600497373238,0.4171204052115288,AD In,2.880918772089422,3.7499600497373238
252,CCN(CC)C1=NC(OP(=S)(OC)OC)=CC(C)=N1,CCN(CC)c1nc(C)cc(OP(=S)(OC)OC)n1,62.52001933741118,2.7969574740281606,0.45741995319639306,1.6665297816659352,3.7499600497373238,0.45741995319639306,AD In,2.7969574740281606,3.7499600497373238
253,C=1C(=CC(=CC1)C2=N[N-]C(=N2)C(N)=O)C=3C(=CC=C(C3)F)OCC(F)(C(F)(F)F)F.[K+].O,NC(=O)c1nc(-c2cccc(-c3cc(F)ccc3OCC(F)(F)C(F)(F)F)c2)n[nH]1,58.26605514173738,3.516049823847947,0.11227168457425997,1.6665297816659352,3.7499600497373238,0.11227168457425997,AD In,3.516049823847947,3.7499600497373238
254,[K+].[O-][N+]([O-])=O,O=[N+]([O-])[O-],12.042627191820952,3.6911584059163003,0.028223475833177563,1.6665297816659352,3.7499600497373238,0.028223475833177563,AD In,3.6911584059163003,3.7499600497373238
255,Cl.CCN(CC)CCOC(=O)C1=CC=C(N)C=C1,CCN(CC)CCOC(=O)c1ccc(N)cc1,37.92232103323096,2.7089357074281457,0.49966843539853356,1.6665297816659352,3.7499600497373238,0.49966843539853356,AD In,2.7089357074281457,3.7499600497373238
256,COC1=NC(NC(C)C)=NC(NC(C)C)=N1,COc1nc(NC(C)C)nc(NC(C)C)n1,26.848723225740983,2.449199216668675,0.6243361503395795,1.6665297816659352,3.7499600497373238,0.6243361503395795,AD In,2.449199216668675,3.7499600497373238
257,CCCC1COC(CN2C=NC=N2)(O1)C3=C(Cl)C=C(Cl)C=C3,CCCC1COC(Cn2cncn2)(c2ccc(Cl)cc2Cl)O1,47.12165951098537,2.5389550008580755,0.5812553784198711,1.6665297816659352,3.7499600497373238,0.5812553784198711,AD In,2.5389550008580755,3.7499600497373238
258,CCCC1=CC=CC=C1,CCCc1ccccc1,11.943546877074123,2.046909787978204,0.817426091892011,1.6665297816659352,3.7499600497373238,0.817426091892011,AD In,2.046909787978204,3.7499600497373238
259,CCOC(=O)COC1=C(Cl)C=C(F)C(=C1)C2=NN(C)C(OC(F)F)=C2Cl,CCOC(=O)COc1cc(-c2nn(C)c(OC(F)F)c2Cl)c(F)cc1Cl,60.51319688290602,2.8336975050678115,0.43978555880235326,1.6665297816659352,3.7499600497373238,0.43978555880235326,AD In,2.8336975050678115,3.7499600497373238
260,CC(C)(C)N1N=CC(SCC2=CC=C(C=C2)C(C)(C)C)=C(Cl)C1=O,CC(C)(C)c1ccc(CSc2cnn(C(C)(C)C)c(=O)c2Cl)cc1,46.82002044827613,2.9454485557200463,0.38614755019471136,1.6665297816659352,3.7499600497373238,0.38614755019471136,AD In,2.9454485557200463,3.7499600497373238
261,CC1=CC(C)=NC(NC2=CC=CC=C2)=N1,Cc1cc(C)nc(Nc2ccccc2)n1,56.37469857825714,2.537138199500725,0.582127402497275,1.6665297816659352,3.7499600497373238,0.582127402497275,AD In,2.537138199500725,3.7499600497373238
262,FC1=CC=C(OC2=CC=NC3=CC(Cl)=CC(Cl)=C23)C=C1,Fc1ccc(Oc2ccnc3cc(Cl)cc(Cl)c23)cc1,59.707427478492,2.6947459505054083,0.5064792018255149,1.6665297816659352,3.7499600497373238,0.5064792018255149,AD In,2.6947459505054083,3.7499600497373238
263,CC(C)=C[C@@H]1[C@@H](C(=O)O[C@H]2CC(=O)C(CC=C)=C2C)C1(C)C,C=CCC1=C(C)[C@@H](OC(=O)[C@@H]2[C@@H](C=C(C)C)C2(C)C)CC1=O,32.667854964150884,3.056092157368558,0.3330410923765029,1.6665297816659352,3.7499600497373238,0.3330410923765029,AD In,3.056092157368558,3.7499600497373238
264,NC(=O)C1=CC=CC=C1O,NC(=O)c1ccccc1O,41.85422902706109,2.022104920742399,0.8293318742049303,1.6665297816659352,3.7499600497373238,0.8293318742049303,AD In,2.022104920742399,3.7499600497373238
265,O=[Si]=O,O=[Si]=O,22.56932185818904,3.3331349171950997,0.2000667547794029,1.6665297816659352,3.7499600497373238,0.2000667547794029,AD In,3.3331349171950997,3.7499600497373238
266,[Na+].[O-]S(=O)(=O)C1=CC=CC2=C1C=CC=C2,O=S(=O)(O)c1cccc2ccccc12,60.36907287246876,2.6341236463360653,0.5355765539655798,1.6665297816659352,3.7499600497373238,0.5355765539655798,AD In,2.6341236463360653,3.7499600497373238
267,[Na+].[O-]S(=O)(=O)C1=CC=CC=C1C=O,O=Cc1ccccc1S(=O)(=O)O,43.27284814238151,2.3467876891848114,0.6734913964034014,1.6665297816659352,3.7499600497373238,0.6734913964034014,AD In,2.3467876891848114,3.7499600497373238
268,[Na+].[O-]S(=O)(=O)C1=CC2=C(C=CC=C2)C=C1,O=S(=O)(O)c1ccc2ccccc2c1,69.07989447056227,2.597969339199545,0.5529298139669275,1.6665297816659352,3.7499600497373238,0.5529298139669275,AD In,2.597969339199545,3.7499600497373238
269,[Na+].[O-]C1=C(C=CC=C1)[N+]([O-])=O,O=[N+]([O-])c1ccccc1O,81.75634805176412,2.4346775555090825,0.6313062233879254,1.6665297816659352,3.7499600497373238,0.6313062233879254,AD In,2.4346775555090825,3.7499600497373238
270,[Na+].CCCCCCCCOS([O-])(=O)=O,CCCCCCCCOS(=O)(=O)O,74.1508529253185,2.0635738001379904,0.8094277382081067,1.6665297816659352,3.7499600497373238,0.8094277382081067,AD In,2.0635738001379904,3.7499600497373238
271,[Na+].[Na+].[O-]S(=O)(=O)OOS([O-])(=O)=O,O=S(=O)(O)OOS(=O)(=O)O,38.90723197163721,3.459925048301069,0.13921032341760944,1.6665297816659352,3.7499600497373238,0.13921032341760944,AD In,3.459925048301069,3.7499600497373238
272,[Na+].CC(=O)CC(C1=CC=CC=C1)C2=C([O-])C3=CC=CC=C3OC2=O,CC(=O)CC(c1ccccc1)c1c(O)c2ccccc2oc1=O,95.63172331809547,2.8080943510772336,0.45207450092964535,1.6665297816659352,3.7499600497373238,0.45207450092964535,AD In,2.8080943510772336,3.7499600497373238
273,Cl.COC1=CC2=CC=C(C=C2C=C1)S(=O)(=O)N[C@H](CC(=O)N[C@H](CC3=CC=C(CN4[C@@H](C)CCC[C@H]4C)C=C3)C(=O)N(C)C(C)C)C5=CC6=C(OCO6)C=C5,COc1ccc2cc(S(=O)(=O)N[C@H](CC(=O)N[C@H](Cc3ccc(CN4[C@H](C)CCC[C@@H]4C)cc3)C(=O)N(C)C(C)C)c3ccc4c(c3)OCO4)ccc2c1,20.534568070516556,3.726635263143888,0.011195376658815356,1.6665297816659352,3.7499600497373238,0.011195376658815356,AD In,3.726635263143888,3.7499600497373238
274,ClC=1C=C([C@@]2(CCCN3CCC(NC(=O)N(C)C)(CC3)C4=CC=CC=C4)CCCN(C2)C(=O)C5=CC=CC=C5)C=CC1Cl.Cl,CN(C)C(=O)NC1(c2ccccc2)CCN(CCC[C@]2(c3ccc(Cl)c(Cl)c3)CCCN(C(=O)c3ccccc3)C2)CC1,14.66935054209516,3.4080982394075034,0.16408603425267435,1.6665297816659352,3.7499600497373238,0.16408603425267435,AD In,3.4080982394075034,3.7499600497373238
275,CC1=CN([C@@H]2O[C@H](CO)C=C2)C(=O)NC1=O,Cc1cn([C@H]2C=C[C@@H](CO)O2)c(=O)[nH]c1=O,7.787924864001778,2.6108404522201267,0.5467519671640698,1.6665297816659352,3.7499600497373238,0.5467519671640698,AD In,2.6108404522201267,3.7499600497373238
276,[C@H]1(O[C@]2(COC(C)=O)O[C@H](COC(C)=O)[C@@H](OC(C)=O)[C@@H]2OC(C)=O)O[C@H](COC(C)=O)[C@@H](OC(C)=O)[C@H](OC(C)=O)[C@H]1OC(C)=O,CC(=O)OC[C@H]1O[C@@](COC(C)=O)(O[C@H]2O[C@H](COC(C)=O)[C@@H](OC(C)=O)[C@H](OC(C)=O)[C@H]2OC(C)=O)[C@@H](OC(C)=O)[C@@H]1OC(C)=O,24.415304191056205,4.074188443344655,-0.1556223880281177,1.6665297816659352,3.7499600497373238,0.0,AD Out,4.074188443344655,3.7499600497373238
277,CCCSP(=S)(OCC)OC1=CC=C(SC)C=C1,CCCSP(=S)(OCC)Oc1ccc(SC)cc1,75.06815224877363,2.8443944190655968,0.43465127897465006,1.6665297816659352,3.7499600497373238,0.43465127897465006,AD In,2.8443944190655968,3.7499600497373238
278,CNC(=O)N(C)C1=NN=C(S1)C(C)(C)C,CNC(=O)N(C)c1nnc(C(C)(C)C)s1,25.970383036325238,2.8305143469498937,0.4413134036103604,1.6665297816659352,3.7499600497373238,0.4413134036103604,AD In,2.8305143469498937,3.7499600497373238
279,OC(=O)C1=CC=C(C=C1)C(O)=O,O=C(O)c1ccc(C(=O)O)cc1,43.29412298542281,2.445366697692271,0.6261756738576628,1.6665297816659352,3.7499600497373238,0.6261756738576628,AD In,2.445366697692271,3.7499600497373238
280,CC(C)(C)C(=O)C1=CC=CC=C1,CC(C)(C)C(=O)c1ccccc1,30.78161185116224,2.3959650595310804,0.6498873569018576,1.6665297816659352,3.7499600497373238,0.6498873569018576,AD In,2.3959650595310804,3.7499600497373238
281,CC(C)(C)C1=CC(O)=CC=C1O,CC(C)(C)c1cc(O)ccc1O,69.98311811726258,2.2112599350238513,0.7385416916966616,1.6665297816659352,3.7499600497373238,0.7385416916966616,AD In,2.2112599350238513,3.7499600497373238
282,ClC1=C2C(=O)OC(=O)C2=C(Cl)C(Cl)=C1Cl,O=C1OC(=O)c2c(Cl)c(Cl)c(Cl)c(Cl)c21,75.7716209455734,2.8472536568513918,0.4332789086920383,1.6665297816659352,3.7499600497373238,0.4332789086920383,AD In,2.8472536568513918,3.7499600497373238
283,CCCCCCCCCCCCCC(O)=O,CCCCCCCCCCCCCC(=O)O,79.09421973252287,1.8209804900397848,0.9258671092856767,1.6665297816659352,3.7499600497373238,0.9258671092856767,AD In,1.8209804900397848,3.7499600497373238
284,OCCOCCOCCOCCO,OCCOCCOCCOCCO,8.498518369268396,2.1521761938521693,0.7669005679581529,1.6665297816659352,3.7499600497373238,0.7669005679581529,AD In,2.1521761938521693,3.7499600497373238
285,ClC1=CC=C(CN\2CCS/C2=N\C#N)C=N1,N#C/N=C1\SCCN1Cc1ccc(Cl)nc1,45.15175745995522,2.7709603835207224,0.4698979760541024,1.6665297816659352,3.7499600497373238,0.4698979760541024,AD In,2.7709603835207224,3.7499600497373238
286,COC(=O)C1=C(C=CS1)S(=O)(=O)NC(=O)NC2=NC(C)=NC(OC)=N2,COC(=O)c1sccc1S(=O)(=O)NC(=O)Nc1nc(C)nc(OC)n1,39.528316424568466,2.975186928863806,0.3718737952246022,1.6665297816659352,3.7499600497373238,0.3718737952246022,AD In,2.975186928863806,3.7499600497373238
287,CCON=C(CC)C1=C(O)CC(CC1=O)C2=C(C)C=C(C)C=C2C,CCON=C(CC)C1=C(O)CC(c2c(C)cc(C)cc2C)CC1=O,46.57386695407972,2.983900707118732,0.3676913762646473,1.6665297816659352,3.7499600497373238,0.3676913762646473,AD In,2.983900707118732,3.7499600497373238
288,C=CCOC(=O)C1=CC=C(C(=O)OCC=C)C(=C1)C(=O)OCC=C,C=CCOC(=O)c1ccc(C(=O)OCC=C)c(C(=O)OCC=C)c1,60.89562523687078,2.8594942428424353,0.4274037007819725,1.6665297816659352,3.7499600497373238,0.4274037007819725,AD In,2.8594942428424353,3.7499600497373238
289,CCCCCCCC[Si](OCC)(OCC)OCC,CCCCCCCC[Si](OCC)(OCC)OCC,20.43321350162406,2.856524897510512,0.42882892022772434,1.6665297816659352,3.7499600497373238,0.42882892022772434,AD In,2.856524897510512,3.7499600497373238
290,CCCCC[Si](OCC)(OCC)OCC,CCCCC[Si](OCC)(OCC)OCC,12.269029885539814,2.674841333342292,0.5160329735394787,1.6665297816659352,3.7499600497373238,0.5160329735394787,AD In,2.674841333342292,3.7499600497373238
291,C1=CC=C(C=C1)B(C2=CC=CC=C2)C3=CC=CC=C3,c1ccc(B(c2ccccc2)c2ccccc2)cc1,32.0644118730527,2.8614822137840887,0.42644951912678625,1.6665297816659352,3.7499600497373238,0.42644951912678625,AD In,2.8614822137840887,3.7499600497373238
292,O(C(COC(O)CC)C)C(OCCCC)CC,CCCCOC(CC)OC(C)COC(O)CC,40.53639339889371,2.555584138183024,0.5732737638778388,1.6665297816659352,3.7499600497373238,0.5732737638778388,AD In,2.555584138183024,3.7499600497373238
293,COCCO[Si](OCCOC)(OCCOC)C=C,C=C[Si](OCCOC)(OCCOC)OCCOC,16.250254176964955,3.180996409036788,0.27308984102799855,1.6665297816659352,3.7499600497373238,0.27308984102799855,AD In,3.180996409036788,3.7499600497373238
294,NC(CO)(CO)CO,NC(CO)(CO)CO,9.140460436550292,2.588666599503166,0.5573949212656663,1.6665297816659352,3.7499600497373238,0.5573949212656663,AD In,2.588666599503166,3.7499600497373238
295,NC(N)=O,NC(N)=O,11.904798172235365,2.5010220390546785,0.5994623529391149,1.6665297816659352,3.7499600497373238,0.5994623529391149,AD In,2.5010220390546785,3.7499600497373238
296,COC1=CC=C(C=O)C=C1OC,COc1ccc(C=O)cc1OC,49.15261410973434,2.2110782604654453,0.7386288914274086,1.6665297816659352,3.7499600497373238,0.7386288914274086,AD In,2.2110782604654453,3.7499600497373238
297,CC1(OC(=O)N(C1=O)C2=CC(Cl)=CC(Cl)=C2)C=C,C=CC1(C)OC(=O)N(c2cc(Cl)cc(Cl)c2)C1=O,57.23703720686709,2.7418246797654997,0.4838824631769631,1.6665297816659352,3.7499600497373238,0.4838824631769631,AD In,2.7418246797654997,3.7499600497373238
298,COP(=O)(OC)O/C(=C\Cl)/C1=C(Cl)C=C(Cl)C(Cl)=C1,COP(=O)(OC)O/C(=C\Cl)c1cc(Cl)c(Cl)cc1Cl,83.28426521078808,2.8018435710358296,0.45507473575257046,1.6665297816659352,3.7499600497373238,0.45507473575257046,AD In,2.8018435710358296,3.7499600497373238
299,C1=CC=[N+](C(=C1)[S-])[O-].C1=CC=[N+](C(=C1)[S-])[O-].[ZnH2+2],[O-][n+]1ccccc1S,31.928221078227697,2.9006520815443806,0.40764885737171297,1.6665297816659352,3.7499600497373238,0.40764885737171297,AD In,2.9006520815443806,3.7499600497373238
300,CCC(C)(NC(=O)C1=CC(Cl)=C(C)C(Cl)=C1)C(=O)CCl,CCC(C)(NC(=O)c1cc(Cl)c(C)c(Cl)c1)C(=O)CCl,51.13775723586945,2.8032539822385387,0.454397769873595,1.6665297816659352,3.7499600497373238,0.454397769873595,AD In,2.8032539822385387,3.7499600497373238
